/*
Navicat MySQL Data Transfer

Source Server         : 本地
Source Server Version : 50717
Source Host           : localhost:3306
Source Database       : framework

Target Server Type    : MYSQL
Target Server Version : 50717
File Encoding         : 65001

Date: 2017-10-23 17:11:44
*/

SET FOREIGN_KEY_CHECKS=0;

-- ----------------------------
-- Table structure for `account`
-- ----------------------------
DROP TABLE IF EXISTS `account`;
CREATE TABLE `account` (
  `id` varchar(36) NOT NULL,
  `created_date` bigint(20) DEFAULT NULL,
  `logically_deleted` bit(1) DEFAULT NULL,
  `sort_number` int(11) DEFAULT NULL,
  `updated_date` bigint(20) DEFAULT NULL,
  `amount` varchar(255) DEFAULT NULL,
  `business_type` int(11) DEFAULT NULL,
  `remark` varchar(255) DEFAULT NULL,
  PRIMARY KEY (`id`)
) ENGINE=InnoDB DEFAULT CHARSET=utf8mb4;

-- ----------------------------
-- Records of account
-- ----------------------------

-- ----------------------------
-- Table structure for `address`
-- ----------------------------
DROP TABLE IF EXISTS `address`;
CREATE TABLE `address` (
  `id` varchar(36) NOT NULL,
  `created_date` bigint(20) DEFAULT NULL,
  `logically_deleted` bit(1) DEFAULT NULL,
  `sort_number` int(11) DEFAULT NULL,
  `updated_date` bigint(20) DEFAULT NULL,
  `level` varchar(50) DEFAULT NULL,
  `name` varchar(100) DEFAULT NULL,
  `parent_id` varchar(36) DEFAULT NULL,
  PRIMARY KEY (`id`),
  KEY `FKtms9onytw1xuqqukihkuqkhk5` (`parent_id`),
  CONSTRAINT `FKtms9onytw1xuqqukihkuqkhk5` FOREIGN KEY (`parent_id`) REFERENCES `address` (`id`)
) ENGINE=InnoDB DEFAULT CHARSET=utf8mb4;

-- ----------------------------
-- Records of address
-- ----------------------------

-- ----------------------------
-- Table structure for `admin`
-- ----------------------------
DROP TABLE IF EXISTS `admin`;
CREATE TABLE `admin` (
  `id` varchar(36) NOT NULL,
  `created_date` bigint(20) DEFAULT NULL,
  `logically_deleted` bit(1) DEFAULT NULL,
  `sort_number` int(11) DEFAULT NULL,
  `updated_date` bigint(20) DEFAULT NULL,
  `login_name` varchar(255) DEFAULT NULL,
  `mobile` varchar(255) DEFAULT NULL,
  `password` varchar(255) DEFAULT NULL,
  `user_type` varchar(255) DEFAULT NULL,
  `name` varchar(20) DEFAULT NULL,
  PRIMARY KEY (`id`)
) ENGINE=InnoDB DEFAULT CHARSET=utf8mb4;

-- ----------------------------
-- Records of admin
-- ----------------------------
INSERT INTO `admin` VALUES ('402881c45eff19a4015eff80ec080002', null, '', null, '1507602579568', 'admin', null, '$2a$10$iVCowG5hxgiIIsVDDGXaDOCs9n0WIwQy6Os1to2BJh1zObvEDIyMS', 'ADMIN', '超级管理员');

-- ----------------------------
-- Table structure for `admin_roles`
-- ----------------------------
DROP TABLE IF EXISTS `admin_roles`;
CREATE TABLE `admin_roles` (
  `admin_id` varchar(36) NOT NULL,
  `role_id` varchar(36) NOT NULL,
  KEY `FKcjlqrvoka3pq87dm3nhyx6h5c` (`role_id`),
  KEY `FK1bcjwl07gm1kcu8h3dhiyd3ol` (`admin_id`),
  CONSTRAINT `FK1bcjwl07gm1kcu8h3dhiyd3ol` FOREIGN KEY (`admin_id`) REFERENCES `admin` (`id`),
  CONSTRAINT `FKcjlqrvoka3pq87dm3nhyx6h5c` FOREIGN KEY (`role_id`) REFERENCES `role` (`id`)
) ENGINE=InnoDB DEFAULT CHARSET=utf8mb4;

-- ----------------------------
-- Records of admin_roles
-- ----------------------------
INSERT INTO `admin_roles` VALUES ('402881c45eff19a4015eff80ec080002', '402881c45effd975015effdcc87d0000');

-- ----------------------------
-- Table structure for `attachment`
-- ----------------------------
DROP TABLE IF EXISTS `attachment`;
CREATE TABLE `attachment` (
  `id` varchar(36) NOT NULL,
  `created_date` bigint(20) DEFAULT NULL,
  `logically_deleted` bit(1) DEFAULT NULL,
  `sort_number` int(11) DEFAULT NULL,
  `updated_date` bigint(20) DEFAULT NULL,
  `format` varchar(50) DEFAULT NULL,
  `name` varchar(200) DEFAULT NULL,
  `path` varchar(500) DEFAULT NULL,
  `size` bigint(20) DEFAULT NULL,
  PRIMARY KEY (`id`)
) ENGINE=InnoDB DEFAULT CHARSET=utf8mb4;

-- ----------------------------
-- Records of attachment
-- ----------------------------
INSERT INTO `attachment` VALUES ('402881cf5f485d77015f485dd4b70000', '1508747629744', '', '0', '1508747629744', 'jpg', '24161153oyuk.jpg', '\\nfs-client\\admin\\2017-10-23\\1508747629732.jpg', '234836');
INSERT INTO `attachment` VALUES ('402881cf5f485d77015f485de5d40001', '1508747634132', '', '0', '1508747634132', 'jpg', '24161859gahs.jpg', '\\nfs-client\\admin\\2017-10-23\\1508747634126.jpg', '166467');
INSERT INTO `attachment` VALUES ('402881cf5f485d77015f485f1f3a0002', '1508747714362', '', '0', '1508749530568', 'jpg', '061607301kbo.jpg', '\\nfs-client\\admin\\2017-10-23\\1508747714348.jpg', '257737');
INSERT INTO `attachment` VALUES ('402881cf5f486060015f486169b50000', '1508747864493', '', '0', '1508747864493', 'jpg', '24165037s9zb.jpg', '/nfs-client/admin/2017-10-23/1508747864485.jpg', '162704');
INSERT INTO `attachment` VALUES ('402881cf5f486060015f48623e230001', '1508747918882', '', '0', '1508747918882', 'jpg', '24161717gnot.jpg', '/nfs-client/admin/2017-10-23/1508747918873.jpg', '248924');
INSERT INTO `attachment` VALUES ('402881cf5f486060015f4862fdc90002', '1508747967945', '', '0', '1508747967945', 'jpg', '24165037s9zb.jpg', '/nfs-client/admin/2017-10-23/1508747967936.jpg', '162704');
INSERT INTO `attachment` VALUES ('402881cf5f486060015f4863e2950003', '1508748026517', '', '0', '1508749635149', 'png', '25164146bto4.png', '/nfs-client/admin/2017-10-23/1508748026513.png', '510319');
INSERT INTO `attachment` VALUES ('402881cf5f486060015f486455d40004', '1508748056020', '', '0', '1508748056020', 'jpg', '241711105j7d.jpg', '/nfs-client/admin/2017-10-23/1508748056014.jpg', '144654');
INSERT INTO `attachment` VALUES ('402881cf5f486060015f4864756c0005', '1508748064107', '', '0', '1508748064107', 'jpg', '241613422np3.jpg', '/nfs-client/admin/2017-10-23/1508748064101.jpg', '180391');
INSERT INTO `attachment` VALUES ('402881cf5f486060015f486475720006', '1508748064114', '', '0', '1508748064114', 'jpg', '241620242sg8.jpg', '/nfs-client/admin/2017-10-23/1508748064108.jpg', '152146');
INSERT INTO `attachment` VALUES ('402881cf5f486060015f486475780007', '1508748064120', '', '0', '1508749645325', 'jpg', '241638173oi3.jpg', '/nfs-client/admin/2017-10-23/1508748064114.jpg', '182504');

-- ----------------------------
-- Table structure for `coupon`
-- ----------------------------
DROP TABLE IF EXISTS `coupon`;
CREATE TABLE `coupon` (
  `id` varchar(36) NOT NULL,
  `created_date` bigint(20) DEFAULT NULL,
  `logically_deleted` bit(1) DEFAULT NULL,
  `sort_number` int(11) DEFAULT NULL,
  `updated_date` bigint(20) DEFAULT NULL,
  `amount` double DEFAULT NULL,
  `end_date` bigint(20) DEFAULT NULL,
  `marketing_type` varchar(30) DEFAULT NULL,
  `min_amount` double DEFAULT NULL,
  `name` varchar(50) DEFAULT NULL,
  `obtain_type` varchar(30) DEFAULT NULL,
  `remark` varchar(500) DEFAULT NULL,
  `start_date` bigint(20) DEFAULT NULL,
  `client_id` varchar(128) DEFAULT NULL,
  PRIMARY KEY (`id`),
  KEY `FKhvhb7mgtp18yu2q9girsbd7lq` (`client_id`),
  CONSTRAINT `FKhvhb7mgtp18yu2q9girsbd7lq` FOREIGN KEY (`client_id`) REFERENCES `oauth_client_details` (`client_id`)
) ENGINE=InnoDB DEFAULT CHARSET=utf8mb4;

-- ----------------------------
-- Records of coupon
-- ----------------------------
INSERT INTO `coupon` VALUES ('402881c45f32c738015f32dd7b790000', '1508386896754', '', '0', '1508386995776', '10', '1509062400000', 'CASH_OFF', '100', '秋季特惠', 'LOGIN', null, '1507680000000', 'tonr');

-- ----------------------------
-- Table structure for `dictionary`
-- ----------------------------
DROP TABLE IF EXISTS `dictionary`;
CREATE TABLE `dictionary` (
  `id` varchar(36) NOT NULL,
  `created_date` bigint(20) DEFAULT NULL,
  `logically_deleted` bit(1) DEFAULT NULL,
  `sort_number` int(11) DEFAULT NULL,
  `updated_date` bigint(20) DEFAULT NULL,
  `code` varchar(100) DEFAULT NULL,
  `name` varchar(100) DEFAULT NULL,
  `dictionary_category_id` varchar(36) DEFAULT NULL,
  PRIMARY KEY (`id`),
  KEY `FK5karylm6jn6jkkvfifx4l9h30` (`dictionary_category_id`),
  CONSTRAINT `FK5karylm6jn6jkkvfifx4l9h30` FOREIGN KEY (`dictionary_category_id`) REFERENCES `dictionary_category` (`id`)
) ENGINE=InnoDB DEFAULT CHARSET=utf8mb4;

-- ----------------------------
-- Records of dictionary
-- ----------------------------

-- ----------------------------
-- Table structure for `dictionary_category`
-- ----------------------------
DROP TABLE IF EXISTS `dictionary_category`;
CREATE TABLE `dictionary_category` (
  `id` varchar(36) NOT NULL,
  `created_date` bigint(20) DEFAULT NULL,
  `logically_deleted` bit(1) DEFAULT NULL,
  `sort_number` int(11) DEFAULT NULL,
  `updated_date` bigint(20) DEFAULT NULL,
  `code` varchar(100) DEFAULT NULL,
  `name` varchar(100) DEFAULT NULL,
  `parent_id` varchar(36) DEFAULT NULL,
  PRIMARY KEY (`id`),
  KEY `FKdgpx4q8hdcqgg16pwnrjmuqu3` (`parent_id`),
  CONSTRAINT `FKdgpx4q8hdcqgg16pwnrjmuqu3` FOREIGN KEY (`parent_id`) REFERENCES `dictionary_category` (`id`)
) ENGINE=InnoDB DEFAULT CHARSET=utf8mb4;

-- ----------------------------
-- Records of dictionary_category
-- ----------------------------

-- ----------------------------
-- Table structure for `member`
-- ----------------------------
DROP TABLE IF EXISTS `member`;
CREATE TABLE `member` (
  `id` varchar(36) NOT NULL,
  `created_date` bigint(20) DEFAULT NULL,
  `logically_deleted` bit(1) DEFAULT NULL,
  `sort_number` int(11) DEFAULT NULL,
  `updated_date` bigint(20) DEFAULT NULL,
  `login_name` varchar(255) DEFAULT NULL,
  `mobile` varchar(255) DEFAULT NULL,
  `password` varchar(255) DEFAULT NULL,
  `user_type` varchar(255) DEFAULT NULL,
  `address` varchar(20) DEFAULT NULL,
  `balance` double DEFAULT NULL,
  `birthday` bigint(20) DEFAULT NULL,
  `card_no` varchar(20) DEFAULT NULL,
  `gender` varchar(2) DEFAULT NULL,
  `id_card` varchar(20) DEFAULT NULL,
  `name` varchar(50) DEFAULT NULL,
  `openid` varchar(36) DEFAULT NULL,
  `point` int(11) DEFAULT NULL,
  `sale_point` int(11) DEFAULT NULL,
  PRIMARY KEY (`id`)
) ENGINE=InnoDB DEFAULT CHARSET=utf8mb4;

-- ----------------------------
-- Records of member
-- ----------------------------
INSERT INTO `member` VALUES ('1', null, '', '0', '1508480015493', null, '18640019220', '$2a$10$wZSX1D1Ik/weVruPxeXcXuV0N7M6MRDJ7BCinsxVB7Wkcq7GJvtSK', 'MEMBER', null, '420', '1505347200000', '11', '1', '2206021991019234', '唐赫', '', '6345', '1134');
INSERT INTO `member` VALUES ('402881b65e792228015e7929024f0000', null, '', '0', '1508405076343', '18640019220', '18640019220', '$2a$10$wZSX1D1Ik/weVruPxeXcXuV0N7M6MRDJ7BCinsxVB7Wkcq7GJvtSK', 'MEMBER', null, '0', null, '001', '0', '', '18640019220', '', '170', '0');
INSERT INTO `member` VALUES ('402881c35eb17a6b015eb190c6a30000', null, '', '0', '1507813949551', null, '234', null, 'MEMBER', null, null, null, '002', '', '', 'aa1', '', '0', '0');
INSERT INTO `member` VALUES ('402881c35eb17a6b015eb191d21c0001', null, '', '0', '1507813955708', null, '343', null, 'MEMBER', null, null, null, '003', '', '', 'av1', '', '0', '0');
INSERT INTO `member` VALUES ('402881c35eb27c35015eb29cd8850002', null, '', null, '1507604907578', null, '6', null, 'MEMBER', null, null, '1506470400000', '6', '1', '', '6', '', '0', '0');

-- ----------------------------
-- Table structure for `member_coupon`
-- ----------------------------
DROP TABLE IF EXISTS `member_coupon`;
CREATE TABLE `member_coupon` (
  `id` bigint(20) NOT NULL AUTO_INCREMENT,
  `used` bit(1) DEFAULT NULL,
  `coupon_id` varchar(36) DEFAULT NULL,
  `member_id` varchar(36) DEFAULT NULL,
  PRIMARY KEY (`id`),
  KEY `FKkxw7ja7v55gk4a368w3gs6s0j` (`coupon_id`),
  KEY `FKf8n3lu0dfwmhvcikamg220lgg` (`member_id`),
  CONSTRAINT `FKf8n3lu0dfwmhvcikamg220lgg` FOREIGN KEY (`member_id`) REFERENCES `member` (`id`),
  CONSTRAINT `FKkxw7ja7v55gk4a368w3gs6s0j` FOREIGN KEY (`coupon_id`) REFERENCES `coupon` (`id`)
) ENGINE=InnoDB DEFAULT CHARSET=utf8mb4;

-- ----------------------------
-- Records of member_coupon
-- ----------------------------

-- ----------------------------
-- Table structure for `member_level`
-- ----------------------------
DROP TABLE IF EXISTS `member_level`;
CREATE TABLE `member_level` (
  `id` varchar(36) NOT NULL,
  `created_date` bigint(20) DEFAULT NULL,
  `logically_deleted` bit(1) DEFAULT NULL,
  `sort_number` int(11) DEFAULT NULL,
  `updated_date` bigint(20) DEFAULT NULL,
  `name` varchar(30) DEFAULT NULL,
  `need_point` int(11) DEFAULT NULL,
  PRIMARY KEY (`id`)
) ENGINE=InnoDB DEFAULT CHARSET=utf8mb4;

-- ----------------------------
-- Records of member_level
-- ----------------------------
INSERT INTO `member_level` VALUES ('402881c45f333384015f33354a650001', '1508392658675', '', '0', '1508392658675', 'T铁', '2000');
INSERT INTO `member_level` VALUES ('402881c45f333384015f33358e140002', '1508392675851', '', '0', '1508392675851', 'T铜', '4000');
INSERT INTO `member_level` VALUES ('402881c45f333384015f3335c3ac0003', '1508392682411', '', '0', '1508392682411', 'T银', '6000');
INSERT INTO `member_level` VALUES ('402881c45f333384015f3335e04b0004', '1508392689738', '', '0', '1508392689738', 'T金', '10000');

-- ----------------------------
-- Table structure for `module`
-- ----------------------------
DROP TABLE IF EXISTS `module`;
CREATE TABLE `module` (
  `id` varchar(36) NOT NULL,
  `created_date` bigint(20) DEFAULT NULL,
  `logically_deleted` bit(1) DEFAULT NULL,
  `sort_number` int(11) DEFAULT NULL,
  `updated_date` bigint(20) DEFAULT NULL,
  `code` varchar(20) DEFAULT NULL,
  `icon` varchar(100) DEFAULT NULL,
  `name` varchar(50) DEFAULT NULL,
  `navi_id_path` varchar(500) DEFAULT NULL,
  `navi_name_path` varchar(500) DEFAULT NULL,
  `type` varchar(10) DEFAULT NULL,
  `url` varchar(500) DEFAULT NULL,
  `parent_id` varchar(36) DEFAULT NULL,
  PRIMARY KEY (`id`),
  KEY `FKovripa3rfs5f9qu2pvyhgo6xi` (`parent_id`),
  CONSTRAINT `FKovripa3rfs5f9qu2pvyhgo6xi` FOREIGN KEY (`parent_id`) REFERENCES `module` (`id`)
) ENGINE=InnoDB DEFAULT CHARSET=utf8mb4;

-- ----------------------------
-- Records of module
-- ----------------------------
INSERT INTO `module` VALUES ('24746c09-2960-11e7-b497-21af0a259a98', null, '', '2', '1507617854635', '', '', '管理员管理', 'b8c06782-2a58-11e7-b497-21af0a259a98/24746c09-2960-11e7-b497-21af0a259a98', '系统管理 /管理员管理', 'MENU', '/admin/admin/list', '98b33553-827e-11e7-9f6e-708bcdac0848');
INSERT INTO `module` VALUES ('24a90d78-2a21-11e7-b497-21af0a259a98', '1493170723000', '', '0', '1501859765000', 'module.delete', '', '删除', '98b33553-827e-11e7-9f6e-708bcdac0848/8fe09b87-296d-11e7-b497-21af0a259a98/24a90d78-2a21-11e7-b497-21af0a259a98', '权限管理 /模块管理 /删除 ', 'FUNCTION', '', '8fe09b87-296d-11e7-b497-21af0a259a98');
INSERT INTO `module` VALUES ('301b3096-2970-11e7-b497-21af0a259a98', '1493094725000', '', '0', '1501859672000', 'sysuser.save', '', '保存', 'b8c06782-2a58-11e7-b497-21af0a259a98/24746c09-2960-11e7-b497-21af0a259a98/301b3096-2970-11e7-b497-21af0a259a98', '系统管理 /人员管理 /保存', 'FUNCTION', '', '24746c09-2960-11e7-b497-21af0a259a98');
INSERT INTO `module` VALUES ('36f353ad-2a20-11e7-b497-21af0a259a98', '1493170324000', '', '0', '1501859681000', 'role.search', '', '查询', '98b33553-827e-11e7-9f6e-708bcdac0848/3ffd622d-2a1f-11e7-b497-21af0a259a98/36f353ad-2a20-11e7-b497-21af0a259a98', '权限管理 /角色管理 /查询', 'FUNCTION', '', '3ffd622d-2a1f-11e7-b497-21af0a259a98');
INSERT INTO `module` VALUES ('3ffd622d-2a1f-11e7-b497-21af0a259a98', '1493169910000', '', '1', '1502885841000', '', '', '角色管理', '98b33553-827e-11e7-9f6e-708bcdac0848/3ffd622d-2a1f-11e7-b497-21af0a259a98', '权限管理 /角色管理', 'MENU', '/admin/role/list', '98b33553-827e-11e7-9f6e-708bcdac0848');
INSERT INTO `module` VALUES ('402881c35eb1d777015eb25f901f0002', null, '', '0', '1506233969382', '', '', '业务中心', '', '', 'MENU', '/admin/member/businessCenter', '6c2f0a65-4a8c-11e7-82ff-58da3c9e6316');
INSERT INTO `module` VALUES ('402881c45f04dd28015f050b64a50000', null, '', '4', '1507622012410', '', 'fa fa-suitcase', '客户端管理', '', '', 'MENU', '/admin/oauthclient/list', '98b33553-827e-11e7-9f6e-708bcdac0848');
INSERT INTO `module` VALUES ('402881c45f323425015f3243612a0000', null, '', '0', '1508376797481', '', null, '优惠券管理', '', '', 'MENU', '/admin/coupon/list', '402883835f2fa17a015f2fa9ec4e0003');
INSERT INTO `module` VALUES ('402881c45f333384015f333436040000', null, '', '2', '1508392580603', '', null, '会员等级维护', '', '', 'MENU', '/admin/member/level', '6c2f0a65-4a8c-11e7-82ff-58da3c9e6316');
INSERT INTO `module` VALUES ('402881c55f38c257015f38c2e4d00000', '1508485817544', '', '0', '1508485817544', '', null, '附件管理', '', '', 'MENU', '/admin/attachment/list', 'b8c06782-2a58-11e7-b497-21af0a259a98');
INSERT INTO `module` VALUES ('402883835f2fa17a015f2fa27de00000', null, '', '0', '1508332699099', '', null, '字典维护', '', '', 'MENU', '/admin/dictionary/list', 'b8c06782-2a58-11e7-b497-21af0a259a98');
INSERT INTO `module` VALUES ('402883835f2fa17a015f2fa2a5df0001', null, '', '0', '1508332709342', '', null, '字典类别管理', '', '', 'MENU', '/admin/dictionary/categoryList', 'b8c06782-2a58-11e7-b497-21af0a259a98');
INSERT INTO `module` VALUES ('402883835f2fa17a015f2fa2cea90002', null, '', '0', '1508332719784', '', null, '地址管理', '', '', 'MENU', '/admin/address/list', 'b8c06782-2a58-11e7-b497-21af0a259a98');
INSERT INTO `module` VALUES ('402883835f2fa17a015f2fa9ec4e0003', null, '', '0', '1508374531546', '', 'fa fa-fw fa-star', '营销管理', '', '', 'MENU', '', null);
INSERT INTO `module` VALUES ('402883835f2fa17a015f2faaa6400004', null, '', '0', '1508377309173', '', null, '充值红包管理', '', '', 'MENU', '/admin/redpacket/list', '402883835f2fa17a015f2fa9ec4e0003');
INSERT INTO `module` VALUES ('4705b0bd-8278-11e7-9f6e-708bcdac0848', '1502883830000', '', '1', '1502883830000', '', 'am-icon-file', '测试', '98b33553-827e-11e7-9f6e-708bcdac0848/8fe09b87-296d-11e7-b497-21af0a259a98/4705b0bd-8278-11e7-9f6e-708bcdac0848', '权限管理/模块管理/测试', 'MENU', '', '8fe09b87-296d-11e7-b497-21af0a259a98');
INSERT INTO `module` VALUES ('6c2f0a65-4a8c-11e7-82ff-58da3c9e6316', '1496735117000', '', '0', '1507618922723', '', 'fa fa-users', '会员管理', '6c2f0a65-4a8c-11e7-82ff-58da3c9e6316', '会员管理', 'MENU', '', null);
INSERT INTO `module` VALUES ('724b1acc-2a20-11e7-b497-21af0a259a98', '1493170423000', '', '0', '1501859683000', 'role.delete', '', '删除', '98b33553-827e-11e7-9f6e-708bcdac0848/3ffd622d-2a1f-11e7-b497-21af0a259a98/724b1acc-2a20-11e7-b497-21af0a259a98', '权限管理/角色管理 /删除', 'FUNCTION', '', '3ffd622d-2a1f-11e7-b497-21af0a259a98');
INSERT INTO `module` VALUES ('7f9e1d2d-4a8c-11e7-82ff-58da3c9e6316', '1496735150000', '', '1', '1501994998000', '', '', '会员维护', '6c2f0a65-4a8c-11e7-82ff-58da3c9e6316/7f9e1d2d-4a8c-11e7-82ff-58da3c9e6316', '会员管理 /会员维护', 'MENU', '/admin/member/list', '6c2f0a65-4a8c-11e7-82ff-58da3c9e6316');
INSERT INTO `module` VALUES ('8901fc42-4a8c-11e7-82ff-58da3c9e6316', '1496735165000', '', '2', '1502890673000', '', 'glyphicon glyphicon-list-alt', '商品管理', '8901fc42-4a8c-11e7-82ff-58da3c9e6316', '商品管理', 'MENU', '', null);
INSERT INTO `module` VALUES ('8f772bb9-2a21-11e7-b497-21af0a259a98', '1493170902000', '', '0', '1501859675000', 'sysuser.delete', '', '删除', 'b8c06782-2a58-11e7-b497-21af0a259a98/24746c09-2960-11e7-b497-21af0a259a98/8f772bb9-2a21-11e7-b497-21af0a259a98', '系统管理 /人员管理 /删除', 'FUNCTION', '', '24746c09-2960-11e7-b497-21af0a259a98');
INSERT INTO `module` VALUES ('8fe09b87-296d-11e7-b497-21af0a259a98', '1493093598000', '', '0', '1502891265000', '', '', '模块管理', '98b33553-827e-11e7-9f6e-708bcdac0848/8fe09b87-296d-11e7-b497-21af0a259a98', '权限管理/模块管理', 'MENU', '/admin/module/list', '98b33553-827e-11e7-9f6e-708bcdac0848');
INSERT INTO `module` VALUES ('98b33553-827e-11e7-9f6e-708bcdac0848', '1502886544000', '', '5', '1502891044000', '', 'glyphicon glyphicon-lock', '权限管理', '98b33553-827e-11e7-9f6e-708bcdac0848', '权限管理', 'MENU', '', null);
INSERT INTO `module` VALUES ('9e936709-4a8c-11e7-82ff-58da3c9e6316', '1496735201000', '', '0', '1506322213213', '', '', '商品分类维护', '8901fc42-4a8c-11e7-82ff-58da3c9e6316/9e936709-4a8c-11e7-82ff-58da3c9e6316', '商品管理 /商品分类维护', 'MENU', '/admin/product/productCategoryList', '8901fc42-4a8c-11e7-82ff-58da3c9e6316');
INSERT INTO `module` VALUES ('a3909276-297c-11e7-b497-21af0a259a98', '1493100073000', '', '0', '1501859762000', 'module.save', '', '保存', '98b33553-827e-11e7-9f6e-708bcdac0848/8fe09b87-296d-11e7-b497-21af0a259a98/a3909276-297c-11e7-b497-21af0a259a98', '权限管理 /模块管理 /保存 ', 'FUNCTION', '', '8fe09b87-296d-11e7-b497-21af0a259a98');
INSERT INTO `module` VALUES ('a6fd0442-4a8c-11e7-82ff-58da3c9e6316', '1496735216000', '', '1', '1506322223780', '', '', '商品维护', '8901fc42-4a8c-11e7-82ff-58da3c9e6316/a6fd0442-4a8c-11e7-82ff-58da3c9e6316', '商品管理 /商品维护', 'MENU', '/admin/product/productList', '8901fc42-4a8c-11e7-82ff-58da3c9e6316');
INSERT INTO `module` VALUES ('b8c06782-2a58-11e7-b497-21af0a259a98', '1493194593000', '', '6', '1502890823000', '', 'fa fa-fw fa-wrench', '系统管理', 'b8c06782-2a58-11e7-b497-21af0a259a98', '系统管理', 'MENU', '', null);
INSERT INTO `module` VALUES ('c9f178a3-2a20-11e7-b497-21af0a259a98', '1493170570000', '', '0', '1501859759000', 'module.search', '', '查询', '98b33553-827e-11e7-9f6e-708bcdac0848/8fe09b87-296d-11e7-b497-21af0a259a98/c9f178a3-2a20-11e7-b497-21af0a259a98', '权限管理 /模块管理 /查询', 'FUNCTION', '', '8fe09b87-296d-11e7-b497-21af0a259a98');
INSERT INTO `module` VALUES ('f959cd6f-2a1f-11e7-b497-21af0a259a98', '1493170221000', '', '0', '1501859690000', 'role.save', '', '保存', '98b33553-827e-11e7-9f6e-708bcdac0848/3ffd622d-2a1f-11e7-b497-21af0a259a98/f959cd6f-2a1f-11e7-b497-21af0a259a98', '权限管理/角色管理 /保存', 'FUNCTION', '', '3ffd622d-2a1f-11e7-b497-21af0a259a98');

-- ----------------------------
-- Table structure for `oauth_access_token`
-- ----------------------------
DROP TABLE IF EXISTS `oauth_access_token`;
CREATE TABLE `oauth_access_token` (
  `token_id` varchar(256) DEFAULT NULL,
  `token` blob,
  `authentication_id` varchar(128) NOT NULL,
  `user_name` varchar(256) DEFAULT NULL,
  `client_id` varchar(256) DEFAULT NULL,
  `authentication` blob,
  `refresh_token` varchar(256) DEFAULT NULL,
  PRIMARY KEY (`authentication_id`)
) ENGINE=InnoDB DEFAULT CHARSET=utf8mb4;

-- ----------------------------
-- Records of oauth_access_token
-- ----------------------------
INSERT INTO `oauth_access_token` VALUES ('e5de2432315eac2883cd3b8aa774b0e5', 0xACED0005737200436F72672E737072696E676672616D65776F726B2E73656375726974792E6F61757468322E636F6D6D6F6E2E44656661756C744F4175746832416363657373546F6B656E0CB29E361B24FACE0200064C00156164646974696F6E616C496E666F726D6174696F6E74000F4C6A6176612F7574696C2F4D61703B4C000A65787069726174696F6E7400104C6A6176612F7574696C2F446174653B4C000C72656672657368546F6B656E74003F4C6F72672F737072696E676672616D65776F726B2F73656375726974792F6F61757468322F636F6D6D6F6E2F4F417574683252656672657368546F6B656E3B4C000573636F706574000F4C6A6176612F7574696C2F5365743B4C0009746F6B656E547970657400124C6A6176612F6C616E672F537472696E673B4C000576616C756571007E000578707372001E6A6176612E7574696C2E436F6C6C656374696F6E7324456D7074794D6170593614855ADCE7D002000078707372000E6A6176612E7574696C2E44617465686A81014B597419030000787077080000015ED4048D1F7870737200256A6176612E7574696C2E436F6C6C656374696F6E7324556E6D6F6469666961626C65536574801D92D18F9B80550200007872002C6A6176612E7574696C2E436F6C6C656374696F6E7324556E6D6F6469666961626C65436F6C6C656374696F6E19420080CB5EF71E0200014C0001637400164C6A6176612F7574696C2F436F6C6C656374696F6E3B7870737200176A6176612E7574696C2E4C696E6B656448617368536574D86CD75A95DD2A1E020000787200116A6176612E7574696C2E48617368536574BA44859596B8B7340300007870770C000000043F400000000000027400047265616474000577726974657874000662656172657274002463323538393233392D313635662D343130342D613534392D356635326133353238313339, '2ca14d222efe51873ce379f5f5b68670', null, 'tonr', 0xACED0005737200416F72672E737072696E676672616D65776F726B2E73656375726974792E6F61757468322E70726F76696465722E4F417574683241757468656E7469636174696F6EBD400B02166252130200024C000D73746F7265645265717565737474003C4C6F72672F737072696E676672616D65776F726B2F73656375726974792F6F61757468322F70726F76696465722F4F4175746832526571756573743B4C00127573657241757468656E7469636174696F6E7400324C6F72672F737072696E676672616D65776F726B2F73656375726974792F636F72652F41757468656E7469636174696F6E3B787200476F72672E737072696E676672616D65776F726B2E73656375726974792E61757468656E7469636174696F6E2E416273747261637441757468656E7469636174696F6E546F6B656ED3AA287E6E47640E0200035A000D61757468656E746963617465644C000B617574686F7269746965737400164C6A6176612F7574696C2F436F6C6C656374696F6E3B4C000764657461696C737400124C6A6176612F6C616E672F4F626A6563743B787000737200266A6176612E7574696C2E436F6C6C656374696F6E7324556E6D6F6469666961626C654C697374FC0F2531B5EC8E100200014C00046C6973747400104C6A6176612F7574696C2F4C6973743B7872002C6A6176612E7574696C2E436F6C6C656374696F6E7324556E6D6F6469666961626C65436F6C6C656374696F6E19420080CB5EF71E0200014C00016371007E00047870737200136A6176612E7574696C2E41727261794C6973747881D21D99C7619D03000149000473697A657870000000007704000000007871007E000C707372003A6F72672E737072696E676672616D65776F726B2E73656375726974792E6F61757468322E70726F76696465722E4F41757468325265717565737400000000000000010200075A0008617070726F7665644C000B617574686F72697469657371007E00044C000A657874656E73696F6E7374000F4C6A6176612F7574696C2F4D61703B4C000B72656469726563745572697400124C6A6176612F6C616E672F537472696E673B4C00077265667265736874003B4C6F72672F737072696E676672616D65776F726B2F73656375726974792F6F61757468322F70726F76696465722F546F6B656E526571756573743B4C000B7265736F7572636549647374000F4C6A6176612F7574696C2F5365743B4C000D726573706F6E7365547970657371007E0011787200386F72672E737072696E676672616D65776F726B2E73656375726974792E6F61757468322E70726F76696465722E426173655265717565737436287A3EA37169BD0200034C0008636C69656E74496471007E000F4C001172657175657374506172616D657465727371007E000E4C000573636F706571007E00117870740004746F6E72737200256A6176612E7574696C2E436F6C6C656374696F6E7324556E6D6F6469666961626C654D6170F1A5A8FE74F507420200014C00016D71007E000E7870737200116A6176612E7574696C2E486173684D61700507DAC1C31660D103000246000A6C6F6164466163746F724900097468726573686F6C6478703F400000000000037708000000040000000274000A6772616E745F74797065740012636C69656E745F63726564656E7469616C7374000573636F706574000A7265616420777269746578737200256A6176612E7574696C2E436F6C6C656374696F6E7324556E6D6F6469666961626C65536574801D92D18F9B80550200007871007E0009737200176A6176612E7574696C2E4C696E6B656448617368536574D86CD75A95DD2A1E020000787200116A6176612E7574696C2E48617368536574BA44859596B8B7340300007870770C000000103F4000000000000274000472656164740005777269746578017371007E0020770C000000103F40000000000000787371007E00173F40000000000000770800000010000000007870707371007E0020770C000000103F400000000000017400096672616D65776F726B787371007E0020770C000000103F400000000000007870, null);
INSERT INTO `oauth_access_token` VALUES ('07ce6696aad28ef4c0e71428a3ecc878', 0xACED0005737200436F72672E737072696E676672616D65776F726B2E73656375726974792E6F61757468322E636F6D6D6F6E2E44656661756C744F4175746832416363657373546F6B656E0CB29E361B24FACE0200064C00156164646974696F6E616C496E666F726D6174696F6E74000F4C6A6176612F7574696C2F4D61703B4C000A65787069726174696F6E7400104C6A6176612F7574696C2F446174653B4C000C72656672657368546F6B656E74003F4C6F72672F737072696E676672616D65776F726B2F73656375726974792F6F61757468322F636F6D6D6F6E2F4F417574683252656672657368546F6B656E3B4C000573636F706574000F4C6A6176612F7574696C2F5365743B4C0009746F6B656E547970657400124C6A6176612F6C616E672F537472696E673B4C000576616C756571007E000578707372001E6A6176612E7574696C2E436F6C6C656374696F6E7324456D7074794D6170593614855ADCE7D002000078707372000E6A6176612E7574696C2E44617465686A81014B597419030000787077080000015F4A8B175A787372004C6F72672E737072696E676672616D65776F726B2E73656375726974792E6F61757468322E636F6D6D6F6E2E44656661756C744578706972696E674F417574683252656672657368546F6B656E2FDF47639DD0C9B70200014C000A65787069726174696F6E71007E0002787200446F72672E737072696E676672616D65776F726B2E73656375726974792E6F61757468322E636F6D6D6F6E2E44656661756C744F417574683252656672657368546F6B656E73E10E0A6354D45E0200014C000576616C756571007E0005787074002461636438623030612D623431632D343361312D393334392D6531623262633434653232347371007E000977080000015F9BB2B65C78737200256A6176612E7574696C2E436F6C6C656374696F6E7324556E6D6F6469666961626C65536574801D92D18F9B80550200007872002C6A6176612E7574696C2E436F6C6C656374696F6E7324556E6D6F6469666961626C65436F6C6C656374696F6E19420080CB5EF71E0200014C0001637400164C6A6176612F7574696C2F436F6C6C656374696F6E3B7870737200176A6176612E7574696C2E4C696E6B656448617368536574D86CD75A95DD2A1E020000787200116A6176612E7574696C2E48617368536574BA44859596B8B7340300007870770C000000103F4000000000000374000472656164740005777269746574000574727573747874000662656172657274002434313238323661642D363762652D343735662D616537342D333863393232366332633438, '3b81d145452f5592e6af39f632f56690', 'admin', 'tonr', 0xACED0005737200416F72672E737072696E676672616D65776F726B2E73656375726974792E6F61757468322E70726F76696465722E4F417574683241757468656E7469636174696F6EBD400B02166252130200024C000D73746F7265645265717565737474003C4C6F72672F737072696E676672616D65776F726B2F73656375726974792F6F61757468322F70726F76696465722F4F4175746832526571756573743B4C00127573657241757468656E7469636174696F6E7400324C6F72672F737072696E676672616D65776F726B2F73656375726974792F636F72652F41757468656E7469636174696F6E3B787200476F72672E737072696E676672616D65776F726B2E73656375726974792E61757468656E7469636174696F6E2E416273747261637441757468656E7469636174696F6E546F6B656ED3AA287E6E47640E0200035A000D61757468656E746963617465644C000B617574686F7269746965737400164C6A6176612F7574696C2F436F6C6C656374696F6E3B4C000764657461696C737400124C6A6176612F6C616E672F4F626A6563743B787000737200266A6176612E7574696C2E436F6C6C656374696F6E7324556E6D6F6469666961626C654C697374FC0F2531B5EC8E100200014C00046C6973747400104C6A6176612F7574696C2F4C6973743B7872002C6A6176612E7574696C2E436F6C6C656374696F6E7324556E6D6F6469666961626C65436F6C6C656374696F6E19420080CB5EF71E0200014C00016371007E00047870737200136A6176612E7574696C2E41727261794C6973747881D21D99C7619D03000149000473697A65787000000001770400000001737200426F72672E737072696E676672616D65776F726B2E73656375726974792E636F72652E617574686F726974792E53696D706C654772616E746564417574686F7269747900000000000001A40200014C0004726F6C657400124C6A6176612F6C616E672F537472696E673B787074000541444D494E7871007E000C707372003A6F72672E737072696E676672616D65776F726B2E73656375726974792E6F61757468322E70726F76696465722E4F41757468325265717565737400000000000000010200075A0008617070726F7665644C000B617574686F72697469657371007E00044C000A657874656E73696F6E7374000F4C6A6176612F7574696C2F4D61703B4C000B726564697265637455726971007E000E4C00077265667265736874003B4C6F72672F737072696E676672616D65776F726B2F73656375726974792F6F61757468322F70726F76696465722F546F6B656E526571756573743B4C000B7265736F7572636549647374000F4C6A6176612F7574696C2F5365743B4C000D726573706F6E7365547970657371007E0014787200386F72672E737072696E676672616D65776F726B2E73656375726974792E6F61757468322E70726F76696465722E426173655265717565737436287A3EA37169BD0200034C0008636C69656E74496471007E000E4C001172657175657374506172616D657465727371007E00124C000573636F706571007E00147870740004746F6E72737200256A6176612E7574696C2E436F6C6C656374696F6E7324556E6D6F6469666961626C654D6170F1A5A8FE74F507420200014C00016D71007E00127870737200116A6176612E7574696C2E486173684D61700507DAC1C31660D103000246000A6C6F6164466163746F724900097468726573686F6C6478703F400000000000067708000000080000000374000A6772616E745F7479706574000870617373776F7264740009636C69656E745F6964740004746F6E72740008757365726E616D6574000561646D696E78737200256A6176612E7574696C2E436F6C6C656374696F6E7324556E6D6F6469666961626C65536574801D92D18F9B80550200007871007E0009737200176A6176612E7574696C2E4C696E6B656448617368536574D86CD75A95DD2A1E020000787200116A6176612E7574696C2E48617368536574BA44859596B8B7340300007870770C000000103F40000000000003740004726561647400057772697465740005747275737478017371007E0025770C000000103F40000000000000787371007E001A3F40000000000000770800000010000000007870737200396F72672E737072696E676672616D65776F726B2E73656375726974792E6F61757468322E70726F76696465722E546F6B656E52657175657374D62A84B8CF38F8010200014C00096772616E745479706571007E000E7871007E0015740004746F6E727371007E00187371007E001A3F400000000000067708000000080000000574000C6163636573735F746F6B656E74002463616265303430312D346266382D343462352D383662362D31343666363532663733356474000D726566726573685F746F6B656E74002461636438623030612D623431632D343361312D393334392D65316232626334346532323474000D636C69656E745F73656372657474000673656372657474000A6772616E745F7479706574000D726566726573685F746F6B656E740009636C69656E745F696471007E002E787371007E00227371007E0024770C000000103F400000000000007871007E00387371007E0025770C000000103F400000000000017400096672616D65776F726B787371007E0025770C000000103F40000000000000787372005B6F72672E737072696E676672616D65776F726B2E73656375726974792E7765622E61757468656E7469636174696F6E2E707265617574682E50726541757468656E7469636174656441757468656E7469636174696F6E546F6B656E00000000000001A40200024C000B63726564656E7469616C7371007E00054C00097072696E636970616C71007E00057871007E0003017371007E00077371007E000B0000000177040000000171007E000F7871007E004270740000737200326F72672E737072696E676672616D65776F726B2E73656375726974792E636F72652E7573657264657461696C732E5573657200000000000001A40200075A00116163636F756E744E6F6E457870697265645A00106163636F756E744E6F6E4C6F636B65645A001563726564656E7469616C734E6F6E457870697265645A0007656E61626C65644C000B617574686F72697469657371007E00144C000870617373776F726471007E000E4C0008757365726E616D6571007E000E7870010101017371007E0022737200116A6176612E7574696C2E54726565536574DD98509395ED875B0300007870737200466F72672E737072696E676672616D65776F726B2E73656375726974792E636F72652E7573657264657461696C732E5573657224417574686F72697479436F6D70617261746F7200000000000001A4020000787077040000000171007E000F787071007E0021, '533a6b4dedf107ca1079fb67999fad29');
INSERT INTO `oauth_access_token` VALUES ('177c8ba18734445fc8a9f667dc675158', 0xACED0005737200436F72672E737072696E676672616D65776F726B2E73656375726974792E6F61757468322E636F6D6D6F6E2E44656661756C744F4175746832416363657373546F6B656E0CB29E361B24FACE0200064C00156164646974696F6E616C496E666F726D6174696F6E74000F4C6A6176612F7574696C2F4D61703B4C000A65787069726174696F6E7400104C6A6176612F7574696C2F446174653B4C000C72656672657368546F6B656E74003F4C6F72672F737072696E676672616D65776F726B2F73656375726974792F6F61757468322F636F6D6D6F6E2F4F417574683252656672657368546F6B656E3B4C000573636F706574000F4C6A6176612F7574696C2F5365743B4C0009746F6B656E547970657400124C6A6176612F6C616E672F537472696E673B4C000576616C756571007E000578707372001E6A6176612E7574696C2E436F6C6C656374696F6E7324456D7074794D6170593614855ADCE7D002000078707372000E6A6176612E7574696C2E44617465686A81014B597419030000787077080000015ED3FD238B7870737200256A6176612E7574696C2E436F6C6C656374696F6E7324556E6D6F6469666961626C65536574801D92D18F9B80550200007872002C6A6176612E7574696C2E436F6C6C656374696F6E7324556E6D6F6469666961626C65436F6C6C656374696F6E19420080CB5EF71E0200014C0001637400164C6A6176612F7574696C2F436F6C6C656374696F6E3B7870737200176A6176612E7574696C2E4C696E6B656448617368536574D86CD75A95DD2A1E020000787200116A6176612E7574696C2E48617368536574BA44859596B8B7340300007870770C000000103F4000000000000374000472656164740005777269746574000574727573747874000662656172657274002431383063396637322D363431342D343865642D613336622D316564633636646366373831, 'a332ec7ccd1dd8819161d91c60aea61f', null, 'tonr', 0xACED0005737200416F72672E737072696E676672616D65776F726B2E73656375726974792E6F61757468322E70726F76696465722E4F417574683241757468656E7469636174696F6EBD400B02166252130200024C000D73746F7265645265717565737474003C4C6F72672F737072696E676672616D65776F726B2F73656375726974792F6F61757468322F70726F76696465722F4F4175746832526571756573743B4C00127573657241757468656E7469636174696F6E7400324C6F72672F737072696E676672616D65776F726B2F73656375726974792F636F72652F41757468656E7469636174696F6E3B787200476F72672E737072696E676672616D65776F726B2E73656375726974792E61757468656E7469636174696F6E2E416273747261637441757468656E7469636174696F6E546F6B656ED3AA287E6E47640E0200035A000D61757468656E746963617465644C000B617574686F7269746965737400164C6A6176612F7574696C2F436F6C6C656374696F6E3B4C000764657461696C737400124C6A6176612F6C616E672F4F626A6563743B787000737200266A6176612E7574696C2E436F6C6C656374696F6E7324556E6D6F6469666961626C654C697374FC0F2531B5EC8E100200014C00046C6973747400104C6A6176612F7574696C2F4C6973743B7872002C6A6176612E7574696C2E436F6C6C656374696F6E7324556E6D6F6469666961626C65436F6C6C656374696F6E19420080CB5EF71E0200014C00016371007E00047870737200136A6176612E7574696C2E41727261794C6973747881D21D99C7619D03000149000473697A657870000000007704000000007871007E000C707372003A6F72672E737072696E676672616D65776F726B2E73656375726974792E6F61757468322E70726F76696465722E4F41757468325265717565737400000000000000010200075A0008617070726F7665644C000B617574686F72697469657371007E00044C000A657874656E73696F6E7374000F4C6A6176612F7574696C2F4D61703B4C000B72656469726563745572697400124C6A6176612F6C616E672F537472696E673B4C00077265667265736874003B4C6F72672F737072696E676672616D65776F726B2F73656375726974792F6F61757468322F70726F76696465722F546F6B656E526571756573743B4C000B7265736F7572636549647374000F4C6A6176612F7574696C2F5365743B4C000D726573706F6E7365547970657371007E0011787200386F72672E737072696E676672616D65776F726B2E73656375726974792E6F61757468322E70726F76696465722E426173655265717565737436287A3EA37169BD0200034C0008636C69656E74496471007E000F4C001172657175657374506172616D657465727371007E000E4C000573636F706571007E00117870740004746F6E72737200256A6176612E7574696C2E436F6C6C656374696F6E7324556E6D6F6469666961626C654D6170F1A5A8FE74F507420200014C00016D71007E000E7870737200116A6176612E7574696C2E486173684D61700507DAC1C31660D103000246000A6C6F6164466163746F724900097468726573686F6C6478703F400000000000037708000000040000000274000A6772616E745F74797065740012636C69656E745F63726564656E7469616C73740009636C69656E745F6964740004746F6E7278737200256A6176612E7574696C2E436F6C6C656374696F6E7324556E6D6F6469666961626C65536574801D92D18F9B80550200007871007E0009737200176A6176612E7574696C2E4C696E6B656448617368536574D86CD75A95DD2A1E020000787200116A6176612E7574696C2E48617368536574BA44859596B8B7340300007870770C000000103F40000000000003740004726561647400057772697465740005747275737478017371007E0020770C000000103F40000000000000787371007E00173F40000000000000770800000010000000007870707371007E0020770C000000103F400000000000017400096672616D65776F726B787371007E0020770C000000103F400000000000007870, null);
INSERT INTO `oauth_access_token` VALUES ('54cffe70900f0af54734cddc135af599', 0xACED0005737200436F72672E737072696E676672616D65776F726B2E73656375726974792E6F61757468322E636F6D6D6F6E2E44656661756C744F4175746832416363657373546F6B656E0CB29E361B24FACE0200064C00156164646974696F6E616C496E666F726D6174696F6E74000F4C6A6176612F7574696C2F4D61703B4C000A65787069726174696F6E7400104C6A6176612F7574696C2F446174653B4C000C72656672657368546F6B656E74003F4C6F72672F737072696E676672616D65776F726B2F73656375726974792F6F61757468322F636F6D6D6F6E2F4F417574683252656672657368546F6B656E3B4C000573636F706574000F4C6A6176612F7574696C2F5365743B4C0009746F6B656E547970657400124C6A6176612F6C616E672F537472696E673B4C000576616C756571007E000578707372001E6A6176612E7574696C2E436F6C6C656374696F6E7324456D7074794D6170593614855ADCE7D002000078707372000E6A6176612E7574696C2E44617465686A81014B597419030000787077080000015F367298F0787372004C6F72672E737072696E676672616D65776F726B2E73656375726974792E6F61757468322E636F6D6D6F6E2E44656661756C744578706972696E674F417574683252656672657368546F6B656E2FDF47639DD0C9B70200014C000A65787069726174696F6E71007E0002787200446F72672E737072696E676672616D65776F726B2E73656375726974792E6F61757468322E636F6D6D6F6E2E44656661756C744F417574683252656672657368546F6B656E73E10E0A6354D45E0200014C000576616C756571007E0005787074002437303237643236362D613666332D346632382D613162622D3966343666396662636334347371007E000977080000015FCE5E32EF78737200256A6176612E7574696C2E436F6C6C656374696F6E7324556E6D6F6469666961626C65536574801D92D18F9B80550200007872002C6A6176612E7574696C2E436F6C6C656374696F6E7324556E6D6F6469666961626C65436F6C6C656374696F6E19420080CB5EF71E0200014C0001637400164C6A6176612F7574696C2F436F6C6C656374696F6E3B7870737200176A6176612E7574696C2E4C696E6B656448617368536574D86CD75A95DD2A1E020000787200116A6176612E7574696C2E48617368536574BA44859596B8B7340300007870770C000000103F4000000000000374000472656164740005777269746574000574727573747874000662656172657274002432353831396136662D666533302D346438362D626366312D353863613234623636386132, 'd6bd452a82f834f5164243cd3fea6d8a', '18640019220', 'tonr', 0xACED0005737200416F72672E737072696E676672616D65776F726B2E73656375726974792E6F61757468322E70726F76696465722E4F417574683241757468656E7469636174696F6EBD400B02166252130200024C000D73746F7265645265717565737474003C4C6F72672F737072696E676672616D65776F726B2F73656375726974792F6F61757468322F70726F76696465722F4F4175746832526571756573743B4C00127573657241757468656E7469636174696F6E7400324C6F72672F737072696E676672616D65776F726B2F73656375726974792F636F72652F41757468656E7469636174696F6E3B787200476F72672E737072696E676672616D65776F726B2E73656375726974792E61757468656E7469636174696F6E2E416273747261637441757468656E7469636174696F6E546F6B656ED3AA287E6E47640E0200035A000D61757468656E746963617465644C000B617574686F7269746965737400164C6A6176612F7574696C2F436F6C6C656374696F6E3B4C000764657461696C737400124C6A6176612F6C616E672F4F626A6563743B787000737200266A6176612E7574696C2E436F6C6C656374696F6E7324556E6D6F6469666961626C654C697374FC0F2531B5EC8E100200014C00046C6973747400104C6A6176612F7574696C2F4C6973743B7872002C6A6176612E7574696C2E436F6C6C656374696F6E7324556E6D6F6469666961626C65436F6C6C656374696F6E19420080CB5EF71E0200014C00016371007E00047870737200136A6176612E7574696C2E41727261794C6973747881D21D99C7619D03000149000473697A65787000000001770400000001737200426F72672E737072696E676672616D65776F726B2E73656375726974792E636F72652E617574686F726974792E53696D706C654772616E746564417574686F7269747900000000000001A40200014C0004726F6C657400124C6A6176612F6C616E672F537472696E673B78707400064D454D4245527871007E000C707372003A6F72672E737072696E676672616D65776F726B2E73656375726974792E6F61757468322E70726F76696465722E4F41757468325265717565737400000000000000010200075A0008617070726F7665644C000B617574686F72697469657371007E00044C000A657874656E73696F6E7374000F4C6A6176612F7574696C2F4D61703B4C000B726564697265637455726971007E000E4C00077265667265736874003B4C6F72672F737072696E676672616D65776F726B2F73656375726974792F6F61757468322F70726F76696465722F546F6B656E526571756573743B4C000B7265736F7572636549647374000F4C6A6176612F7574696C2F5365743B4C000D726573706F6E7365547970657371007E0014787200386F72672E737072696E676672616D65776F726B2E73656375726974792E6F61757468322E70726F76696465722E426173655265717565737436287A3EA37169BD0200034C0008636C69656E74496471007E000E4C001172657175657374506172616D657465727371007E00124C000573636F706571007E00147870740004746F6E72737200256A6176612E7574696C2E436F6C6C656374696F6E7324556E6D6F6469666961626C654D6170F1A5A8FE74F507420200014C00016D71007E00127870737200116A6176612E7574696C2E486173684D61700507DAC1C31660D103000246000A6C6F6164466163746F724900097468726573686F6C6478703F400000000000067708000000080000000374000A6772616E745F7479706574000870617373776F7264740009636C69656E745F6964740004746F6E72740008757365726E616D6574000B313836343030313932323078737200256A6176612E7574696C2E436F6C6C656374696F6E7324556E6D6F6469666961626C65536574801D92D18F9B80550200007871007E0009737200176A6176612E7574696C2E4C696E6B656448617368536574D86CD75A95DD2A1E020000787200116A6176612E7574696C2E48617368536574BA44859596B8B7340300007870770C000000103F40000000000003740004726561647400057772697465740005747275737478017371007E0025770C000000103F40000000000000787371007E001A3F40000000000000770800000010000000007870707371007E0025770C000000103F400000000000017400096672616D65776F726B787371007E0025770C000000103F40000000000000787372004F6F72672E737072696E676672616D65776F726B2E73656375726974792E61757468656E7469636174696F6E2E557365726E616D6550617373776F726441757468656E7469636174696F6E546F6B656E00000000000001A40200024C000B63726564656E7469616C7371007E00054C00097072696E636970616C71007E00057871007E0003017371007E00077371007E000B0000000177040000000171007E000F7871007E0032737200176A6176612E7574696C2E4C696E6B6564486173684D617034C04E5C106CC0FB0200015A000B6163636573734F726465727871007E001A3F400000000000067708000000080000000474000D636C69656E745F73656372657474000673656372657471007E001C71007E001D71007E001E71007E001F71007E002071007E0021780070737200326F72672E737072696E676672616D65776F726B2E73656375726974792E636F72652E7573657264657461696C732E5573657200000000000001A40200075A00116163636F756E744E6F6E457870697265645A00106163636F756E744E6F6E4C6F636B65645A001563726564656E7469616C734E6F6E457870697265645A0007656E61626C65644C000B617574686F72697469657371007E00144C000870617373776F726471007E000E4C0008757365726E616D6571007E000E7870010101017371007E0022737200116A6176612E7574696C2E54726565536574DD98509395ED875B0300007870737200466F72672E737072696E676672616D65776F726B2E73656375726974792E636F72652E7573657264657461696C732E5573657224417574686F72697479436F6D70617261746F7200000000000001A4020000787077040000000171007E000F787071007E0021, '7696b379fd0298c428079bddef34456b');

-- ----------------------------
-- Table structure for `oauth_approvals`
-- ----------------------------
DROP TABLE IF EXISTS `oauth_approvals`;
CREATE TABLE `oauth_approvals` (
  `userId` varchar(256) DEFAULT NULL,
  `clientId` varchar(256) DEFAULT NULL,
  `scope` varchar(256) DEFAULT NULL,
  `status` varchar(10) DEFAULT NULL,
  `expiresAt` timestamp NOT NULL DEFAULT CURRENT_TIMESTAMP ON UPDATE CURRENT_TIMESTAMP,
  `lastModifiedAt` timestamp NOT NULL DEFAULT '0000-00-00 00:00:00'
) ENGINE=InnoDB DEFAULT CHARSET=utf8mb4;

-- ----------------------------
-- Records of oauth_approvals
-- ----------------------------

-- ----------------------------
-- Table structure for `oauth_client_details`
-- ----------------------------
DROP TABLE IF EXISTS `oauth_client_details`;
CREATE TABLE `oauth_client_details` (
  `client_id` varchar(128) NOT NULL,
  `resource_ids` varchar(256) DEFAULT NULL,
  `client_secret` varchar(256) DEFAULT NULL,
  `scope` varchar(256) DEFAULT NULL,
  `authorized_grant_types` varchar(256) DEFAULT NULL,
  `web_server_redirect_uri` varchar(256) DEFAULT NULL,
  `authorities` varchar(256) DEFAULT NULL,
  `access_token_validity` int(11) DEFAULT NULL,
  `refresh_token_validity` int(11) DEFAULT NULL,
  `additional_information` varchar(4096) DEFAULT NULL,
  `autoapprove` varchar(256) DEFAULT NULL,
  `id` varchar(36) NOT NULL,
  `created_date` bigint(20) DEFAULT NULL,
  `logically_deleted` bit(1) DEFAULT NULL,
  `sort_number` int(11) DEFAULT NULL,
  `updated_date` bigint(20) DEFAULT NULL,
  `name` varchar(50) DEFAULT NULL,
  PRIMARY KEY (`client_id`),
  UNIQUE KEY `UK_3my6lp6ttga6hhwtsutscqset` (`client_id`)
) ENGINE=InnoDB DEFAULT CHARSET=utf8mb4;

-- ----------------------------
-- Records of oauth_client_details
-- ----------------------------
INSERT INTO `oauth_client_details` VALUES ('tonr', 'framework', 'secret', 'read,write,trust', 'client_credentials,password,refresh_token', '', '', null, null, null, '', '1', null, '', '0', '1507622214757', '会员管理系统');

-- ----------------------------
-- Table structure for `oauth_client_token`
-- ----------------------------
DROP TABLE IF EXISTS `oauth_client_token`;
CREATE TABLE `oauth_client_token` (
  `token_id` varchar(256) DEFAULT NULL,
  `token` blob,
  `authentication_id` varchar(128) NOT NULL,
  `user_name` varchar(256) DEFAULT NULL,
  `client_id` varchar(256) DEFAULT NULL,
  PRIMARY KEY (`authentication_id`)
) ENGINE=InnoDB DEFAULT CHARSET=utf8mb4;

-- ----------------------------
-- Records of oauth_client_token
-- ----------------------------

-- ----------------------------
-- Table structure for `oauth_code`
-- ----------------------------
DROP TABLE IF EXISTS `oauth_code`;
CREATE TABLE `oauth_code` (
  `code` varchar(256) DEFAULT NULL,
  `authentication` blob
) ENGINE=InnoDB DEFAULT CHARSET=utf8mb4;

-- ----------------------------
-- Records of oauth_code
-- ----------------------------

-- ----------------------------
-- Table structure for `oauth_refresh_token`
-- ----------------------------
DROP TABLE IF EXISTS `oauth_refresh_token`;
CREATE TABLE `oauth_refresh_token` (
  `token_id` varchar(256) DEFAULT NULL,
  `token` blob,
  `authentication` blob
) ENGINE=InnoDB DEFAULT CHARSET=utf8mb4;

-- ----------------------------
-- Records of oauth_refresh_token
-- ----------------------------
INSERT INTO `oauth_refresh_token` VALUES ('7696b379fd0298c428079bddef34456b', 0xACED00057372004C6F72672E737072696E676672616D65776F726B2E73656375726974792E6F61757468322E636F6D6D6F6E2E44656661756C744578706972696E674F417574683252656672657368546F6B656E2FDF47639DD0C9B70200014C000A65787069726174696F6E7400104C6A6176612F7574696C2F446174653B787200446F72672E737072696E676672616D65776F726B2E73656375726974792E6F61757468322E636F6D6D6F6E2E44656661756C744F417574683252656672657368546F6B656E73E10E0A6354D45E0200014C000576616C75657400124C6A6176612F6C616E672F537472696E673B787074002437303237643236362D613666332D346632382D613162622D3966343666396662636334347372000E6A6176612E7574696C2E44617465686A81014B597419030000787077080000015FCE5E32EF78, 0xACED0005737200416F72672E737072696E676672616D65776F726B2E73656375726974792E6F61757468322E70726F76696465722E4F417574683241757468656E7469636174696F6EBD400B02166252130200024C000D73746F7265645265717565737474003C4C6F72672F737072696E676672616D65776F726B2F73656375726974792F6F61757468322F70726F76696465722F4F4175746832526571756573743B4C00127573657241757468656E7469636174696F6E7400324C6F72672F737072696E676672616D65776F726B2F73656375726974792F636F72652F41757468656E7469636174696F6E3B787200476F72672E737072696E676672616D65776F726B2E73656375726974792E61757468656E7469636174696F6E2E416273747261637441757468656E7469636174696F6E546F6B656ED3AA287E6E47640E0200035A000D61757468656E746963617465644C000B617574686F7269746965737400164C6A6176612F7574696C2F436F6C6C656374696F6E3B4C000764657461696C737400124C6A6176612F6C616E672F4F626A6563743B787000737200266A6176612E7574696C2E436F6C6C656374696F6E7324556E6D6F6469666961626C654C697374FC0F2531B5EC8E100200014C00046C6973747400104C6A6176612F7574696C2F4C6973743B7872002C6A6176612E7574696C2E436F6C6C656374696F6E7324556E6D6F6469666961626C65436F6C6C656374696F6E19420080CB5EF71E0200014C00016371007E00047870737200136A6176612E7574696C2E41727261794C6973747881D21D99C7619D03000149000473697A65787000000001770400000001737200426F72672E737072696E676672616D65776F726B2E73656375726974792E636F72652E617574686F726974792E53696D706C654772616E746564417574686F7269747900000000000001A40200014C0004726F6C657400124C6A6176612F6C616E672F537472696E673B78707400064D454D4245527871007E000C707372003A6F72672E737072696E676672616D65776F726B2E73656375726974792E6F61757468322E70726F76696465722E4F41757468325265717565737400000000000000010200075A0008617070726F7665644C000B617574686F72697469657371007E00044C000A657874656E73696F6E7374000F4C6A6176612F7574696C2F4D61703B4C000B726564697265637455726971007E000E4C00077265667265736874003B4C6F72672F737072696E676672616D65776F726B2F73656375726974792F6F61757468322F70726F76696465722F546F6B656E526571756573743B4C000B7265736F7572636549647374000F4C6A6176612F7574696C2F5365743B4C000D726573706F6E7365547970657371007E0014787200386F72672E737072696E676672616D65776F726B2E73656375726974792E6F61757468322E70726F76696465722E426173655265717565737436287A3EA37169BD0200034C0008636C69656E74496471007E000E4C001172657175657374506172616D657465727371007E00124C000573636F706571007E00147870740004746F6E72737200256A6176612E7574696C2E436F6C6C656374696F6E7324556E6D6F6469666961626C654D6170F1A5A8FE74F507420200014C00016D71007E00127870737200116A6176612E7574696C2E486173684D61700507DAC1C31660D103000246000A6C6F6164466163746F724900097468726573686F6C6478703F400000000000067708000000080000000374000A6772616E745F7479706574000870617373776F7264740009636C69656E745F6964740004746F6E72740008757365726E616D6574000B313836343030313932323078737200256A6176612E7574696C2E436F6C6C656374696F6E7324556E6D6F6469666961626C65536574801D92D18F9B80550200007871007E0009737200176A6176612E7574696C2E4C696E6B656448617368536574D86CD75A95DD2A1E020000787200116A6176612E7574696C2E48617368536574BA44859596B8B7340300007870770C000000103F40000000000003740004726561647400057772697465740005747275737478017371007E0025770C000000103F40000000000000787371007E001A3F40000000000000770800000010000000007870707371007E0025770C000000103F400000000000017400096672616D65776F726B787371007E0025770C000000103F40000000000000787372004F6F72672E737072696E676672616D65776F726B2E73656375726974792E61757468656E7469636174696F6E2E557365726E616D6550617373776F726441757468656E7469636174696F6E546F6B656E00000000000001A40200024C000B63726564656E7469616C7371007E00054C00097072696E636970616C71007E00057871007E0003017371007E00077371007E000B0000000177040000000171007E000F7871007E0032737200176A6176612E7574696C2E4C696E6B6564486173684D617034C04E5C106CC0FB0200015A000B6163636573734F726465727871007E001A3F400000000000067708000000080000000474000D636C69656E745F73656372657474000673656372657471007E001C71007E001D71007E001E71007E001F71007E002071007E0021780070737200326F72672E737072696E676672616D65776F726B2E73656375726974792E636F72652E7573657264657461696C732E5573657200000000000001A40200075A00116163636F756E744E6F6E457870697265645A00106163636F756E744E6F6E4C6F636B65645A001563726564656E7469616C734E6F6E457870697265645A0007656E61626C65644C000B617574686F72697469657371007E00144C000870617373776F726471007E000E4C0008757365726E616D6571007E000E7870010101017371007E0022737200116A6176612E7574696C2E54726565536574DD98509395ED875B0300007870737200466F72672E737072696E676672616D65776F726B2E73656375726974792E636F72652E7573657264657461696C732E5573657224417574686F72697479436F6D70617261746F7200000000000001A4020000787077040000000171007E000F787071007E0021);
INSERT INTO `oauth_refresh_token` VALUES ('533a6b4dedf107ca1079fb67999fad29', 0xACED00057372004C6F72672E737072696E676672616D65776F726B2E73656375726974792E6F61757468322E636F6D6D6F6E2E44656661756C744578706972696E674F417574683252656672657368546F6B656E2FDF47639DD0C9B70200014C000A65787069726174696F6E7400104C6A6176612F7574696C2F446174653B787200446F72672E737072696E676672616D65776F726B2E73656375726974792E6F61757468322E636F6D6D6F6E2E44656661756C744F417574683252656672657368546F6B656E73E10E0A6354D45E0200014C000576616C75657400124C6A6176612F6C616E672F537472696E673B787074002461636438623030612D623431632D343361312D393334392D6531623262633434653232347372000E6A6176612E7574696C2E44617465686A81014B597419030000787077080000015F9BB2B65C78, 0xACED0005737200416F72672E737072696E676672616D65776F726B2E73656375726974792E6F61757468322E70726F76696465722E4F417574683241757468656E7469636174696F6EBD400B02166252130200024C000D73746F7265645265717565737474003C4C6F72672F737072696E676672616D65776F726B2F73656375726974792F6F61757468322F70726F76696465722F4F4175746832526571756573743B4C00127573657241757468656E7469636174696F6E7400324C6F72672F737072696E676672616D65776F726B2F73656375726974792F636F72652F41757468656E7469636174696F6E3B787200476F72672E737072696E676672616D65776F726B2E73656375726974792E61757468656E7469636174696F6E2E416273747261637441757468656E7469636174696F6E546F6B656ED3AA287E6E47640E0200035A000D61757468656E746963617465644C000B617574686F7269746965737400164C6A6176612F7574696C2F436F6C6C656374696F6E3B4C000764657461696C737400124C6A6176612F6C616E672F4F626A6563743B787000737200266A6176612E7574696C2E436F6C6C656374696F6E7324556E6D6F6469666961626C654C697374FC0F2531B5EC8E100200014C00046C6973747400104C6A6176612F7574696C2F4C6973743B7872002C6A6176612E7574696C2E436F6C6C656374696F6E7324556E6D6F6469666961626C65436F6C6C656374696F6E19420080CB5EF71E0200014C00016371007E00047870737200136A6176612E7574696C2E41727261794C6973747881D21D99C7619D03000149000473697A65787000000001770400000001737200426F72672E737072696E676672616D65776F726B2E73656375726974792E636F72652E617574686F726974792E53696D706C654772616E746564417574686F7269747900000000000001A40200014C0004726F6C657400124C6A6176612F6C616E672F537472696E673B787074000541444D494E7871007E000C707372003A6F72672E737072696E676672616D65776F726B2E73656375726974792E6F61757468322E70726F76696465722E4F41757468325265717565737400000000000000010200075A0008617070726F7665644C000B617574686F72697469657371007E00044C000A657874656E73696F6E7374000F4C6A6176612F7574696C2F4D61703B4C000B726564697265637455726971007E000E4C00077265667265736874003B4C6F72672F737072696E676672616D65776F726B2F73656375726974792F6F61757468322F70726F76696465722F546F6B656E526571756573743B4C000B7265736F7572636549647374000F4C6A6176612F7574696C2F5365743B4C000D726573706F6E7365547970657371007E0014787200386F72672E737072696E676672616D65776F726B2E73656375726974792E6F61757468322E70726F76696465722E426173655265717565737436287A3EA37169BD0200034C0008636C69656E74496471007E000E4C001172657175657374506172616D657465727371007E00124C000573636F706571007E00147870740004746F6E72737200256A6176612E7574696C2E436F6C6C656374696F6E7324556E6D6F6469666961626C654D6170F1A5A8FE74F507420200014C00016D71007E00127870737200116A6176612E7574696C2E486173684D61700507DAC1C31660D103000246000A6C6F6164466163746F724900097468726573686F6C6478703F400000000000067708000000080000000374000A6772616E745F7479706574000870617373776F7264740009636C69656E745F6964740004746F6E72740008757365726E616D6574000561646D696E78737200256A6176612E7574696C2E436F6C6C656374696F6E7324556E6D6F6469666961626C65536574801D92D18F9B80550200007871007E0009737200176A6176612E7574696C2E4C696E6B656448617368536574D86CD75A95DD2A1E020000787200116A6176612E7574696C2E48617368536574BA44859596B8B7340300007870770C000000103F40000000000003740004726561647400057772697465740005747275737478017371007E0025770C000000103F40000000000000787371007E001A3F40000000000000770800000010000000007870707371007E0025770C000000103F400000000000017400096672616D65776F726B787371007E0025770C000000103F40000000000000787372004F6F72672E737072696E676672616D65776F726B2E73656375726974792E61757468656E7469636174696F6E2E557365726E616D6550617373776F726441757468656E7469636174696F6E546F6B656E00000000000001A40200024C000B63726564656E7469616C7371007E00054C00097072696E636970616C71007E00057871007E0003017371007E00077371007E000B0000000177040000000171007E000F7871007E0032737200176A6176612E7574696C2E4C696E6B6564486173684D617034C04E5C106CC0FB0200015A000B6163636573734F726465727871007E001A3F400000000000067708000000080000000474000D636C69656E745F73656372657474000673656372657471007E001C71007E001D71007E001E71007E001F71007E002071007E0021780070737200326F72672E737072696E676672616D65776F726B2E73656375726974792E636F72652E7573657264657461696C732E5573657200000000000001A40200075A00116163636F756E744E6F6E457870697265645A00106163636F756E744E6F6E4C6F636B65645A001563726564656E7469616C734E6F6E457870697265645A0007656E61626C65644C000B617574686F72697469657371007E00144C000870617373776F726471007E000E4C0008757365726E616D6571007E000E7870010101017371007E0022737200116A6176612E7574696C2E54726565536574DD98509395ED875B0300007870737200466F72672E737072696E676672616D65776F726B2E73656375726974792E636F72652E7573657264657461696C732E5573657224417574686F72697479436F6D70617261746F7200000000000001A4020000787077040000000171007E000F787071007E0021);

-- ----------------------------
-- Table structure for `operation_record`
-- ----------------------------
DROP TABLE IF EXISTS `operation_record`;
CREATE TABLE `operation_record` (
  `id` varchar(36) NOT NULL,
  `created_date` bigint(20) DEFAULT NULL,
  `logically_deleted` bit(1) DEFAULT NULL,
  `sort_number` int(11) DEFAULT NULL,
  `updated_date` bigint(20) DEFAULT NULL,
  `business_type` varchar(50) DEFAULT NULL,
  `content` varchar(2000) DEFAULT NULL,
  `ip_address` varchar(30) DEFAULT NULL,
  `admin_id` varchar(36) DEFAULT NULL,
  `client_id` varchar(128) DEFAULT NULL,
  `member_id` varchar(36) DEFAULT NULL,
  PRIMARY KEY (`id`),
  KEY `FKdlxl6kpfq3l1hwnaakqgp8udr` (`admin_id`),
  KEY `FKf39ltb5tnf3lvyl2yg2go2hfc` (`client_id`),
  KEY `FKt21pslb6qae9q2opw25w9l2i3` (`member_id`),
  CONSTRAINT `FKdlxl6kpfq3l1hwnaakqgp8udr` FOREIGN KEY (`admin_id`) REFERENCES `admin` (`id`),
  CONSTRAINT `FKf39ltb5tnf3lvyl2yg2go2hfc` FOREIGN KEY (`client_id`) REFERENCES `oauth_client_details` (`client_id`),
  CONSTRAINT `FKt21pslb6qae9q2opw25w9l2i3` FOREIGN KEY (`member_id`) REFERENCES `member` (`id`)
) ENGINE=InnoDB DEFAULT CHARSET=utf8mb4;

-- ----------------------------
-- Records of operation_record
-- ----------------------------
INSERT INTO `operation_record` VALUES ('402881c45f0aaba1015f0aabd2b80000', '1507712553649', '', '0', '1507712553649', 'RECHARGE', '会员充值金额100.0，其中赠送金额为90.0', '0:0:0:0:0:0:0:1', null, 'tonr', '1');
INSERT INTO `operation_record` VALUES ('402881c45f0aaba1015f0aac06dd0003', '1507712567005', '', '0', '1507712567005', 'CONSUME', '现金消费 0.0，余额消费 120.0，积分消费 0消费项：亚特兰蒂斯门票 x1', '0:0:0:0:0:0:0:1', null, 'tonr', '1');
INSERT INTO `operation_record` VALUES ('402881c45f0aac6c015f0aacbdce0002', '1507712613833', '', '0', '1507712613833', 'CONSUME', '现金消费 0.0，余额消费 240.0，积分消费 0消费项：亚特兰蒂斯门票 x2', '0:0:0:0:0:0:0:1', null, 'tonr', '1');
INSERT INTO `operation_record` VALUES ('402881c45f0ac0a7015f0ac237410000', '1507714021170', '', '0', '1507714021170', 'DEDUCT_BALANCE', '储值消费 20.0 元', '0:0:0:0:0:0:0:1', null, 'tonr', '1');
INSERT INTO `operation_record` VALUES ('402881c45f0ac0a7015f0ac26d310001', '1507714034993', '', '0', '1507714034993', 'FAST_INCREASE_POINT', '充值积分 90 分', '0:0:0:0:0:0:0:1', null, 'tonr', '1');
INSERT INTO `operation_record` VALUES ('402881c55f37a680015f37a6e2430002', '1508467204671', '', '0', '1508467204671', 'CONSUME', '现金消费 18.0 元，余额消费 100.0 元，积分消费 200 分  消费项：亚特兰蒂斯门票 x1', '0:0:0:0:0:0:0:1', null, 'tonr', '1');
INSERT INTO `operation_record` VALUES ('402881c55f37a680015f386a5c960005', '1508480015504', '', '0', '1508480015504', 'CONSUME', '现金消费 20.0 元，余额消费 100.0 元，积分消费 0 分  消费项：亚特兰蒂斯门票 x1', '0:0:0:0:0:0:0:1', null, 'tonr', '1');

-- ----------------------------
-- Table structure for `order_form`
-- ----------------------------
DROP TABLE IF EXISTS `order_form`;
CREATE TABLE `order_form` (
  `id` varchar(36) NOT NULL,
  `created_date` bigint(20) DEFAULT NULL,
  `logically_deleted` bit(1) DEFAULT NULL,
  `sort_number` int(11) DEFAULT NULL,
  `updated_date` bigint(20) DEFAULT NULL,
  `balance` double(11,2) DEFAULT NULL,
  `cash` double(11,2) DEFAULT NULL,
  `order_number` varchar(20) DEFAULT NULL,
  `point` int(11) DEFAULT NULL,
  `status` varchar(20) DEFAULT NULL,
  `member_id` varchar(36) DEFAULT NULL,
  PRIMARY KEY (`id`),
  KEY `FKb9e3fs5b1681pd0epfoaa2tov` (`member_id`),
  CONSTRAINT `FKb9e3fs5b1681pd0epfoaa2tov` FOREIGN KEY (`member_id`) REFERENCES `member` (`id`)
) ENGINE=InnoDB DEFAULT CHARSET=utf8mb4;

-- ----------------------------
-- Records of order_form
-- ----------------------------
INSERT INTO `order_form` VALUES ('402881b65ed1d404015ed1d45c840000', '1506758909053', '', null, '1506758909053', '0.00', '120.00', null, '0', 'PAYED', '1');
INSERT INTO `order_form` VALUES ('402881b65ed1d6fc015ed1e5568b0000', '1506760021640', '', null, '1506760021640', '0.00', '120.00', null, '0', 'PAYED', '1');
INSERT INTO `order_form` VALUES ('402881b65ed1d6fc015ed1e581c30002', '1506760032707', '', null, '1506760032707', '0.00', '360.00', null, '0', 'PAYED', '1');
INSERT INTO `order_form` VALUES ('402881b65ed1fa9c015ed1faed7e0000', '1506761436534', '', null, '1506761436534', '0.00', '240.00', null, '0', 'PAYED', '402881b65e792228015e7929024f0000');
INSERT INTO `order_form` VALUES ('402881b65ed1fb69015ed1fbfa280000', '1506761505318', '', null, '1506761505318', '0.00', '120.00', null, '0', 'PAYED', '402881b65e792228015e7929024f0000');
INSERT INTO `order_form` VALUES ('402881b65ed1fb69015ed209abcc0002', '1506762402764', '', null, '1506762402764', '0.00', '120.00', null, '0', 'PAYED', '1');
INSERT INTO `order_form` VALUES ('402881c45f09c663015f09c8e7f80000', '1507697682422', '', '0', '1507697682422', '0.00', '118.00', null, '200', 'PAYED', '1');
INSERT INTO `order_form` VALUES ('402881c45f0aaba1015f0aac06d40001', '1507712566991', '', '0', '1507712566991', '120.00', '0.00', null, '0', 'PAYED', '1');
INSERT INTO `order_form` VALUES ('402881c45f0aac6c015f0aacbdb10000', '1507712613801', '', '0', '1507712613801', '240.00', '0.00', null, '0', 'PAYED', '1');
INSERT INTO `order_form` VALUES ('402881c55f37a680015f37a6e2280000', '1508467204640', '', '0', '1508467204640', '100.00', '18.00', null, '200', 'PAYED', '1');
INSERT INTO `order_form` VALUES ('402881c55f37a680015f386a5c850003', '1508480015485', '', '0', '1508480015485', '100.00', '20.00', null, '0', 'PAYED', '1');

-- ----------------------------
-- Table structure for `order_item`
-- ----------------------------
DROP TABLE IF EXISTS `order_item`;
CREATE TABLE `order_item` (
  `id` varchar(36) NOT NULL,
  `created_date` bigint(20) DEFAULT NULL,
  `logically_deleted` bit(1) DEFAULT NULL,
  `sort_number` int(11) DEFAULT NULL,
  `updated_date` bigint(20) DEFAULT NULL,
  `count` int(11) DEFAULT NULL,
  `order_form_id` varchar(36) DEFAULT NULL,
  `product_id` varchar(36) DEFAULT NULL,
  PRIMARY KEY (`id`),
  KEY `FKig43yb5uck2bs9rooevhos3cl` (`order_form_id`),
  KEY `FK551losx9j75ss5d6bfsqvijna` (`product_id`),
  CONSTRAINT `FK551losx9j75ss5d6bfsqvijna` FOREIGN KEY (`product_id`) REFERENCES `product` (`id`),
  CONSTRAINT `FKig43yb5uck2bs9rooevhos3cl` FOREIGN KEY (`order_form_id`) REFERENCES `order_form` (`id`)
) ENGINE=InnoDB DEFAULT CHARSET=utf8mb4;

-- ----------------------------
-- Records of order_item
-- ----------------------------
INSERT INTO `order_item` VALUES ('402881b65ed1d404015ed1d45c960001', null, '', null, null, '1', '402881b65ed1d404015ed1d45c840000', '402881b65ed159a2015ed15ad2450002');
INSERT INTO `order_item` VALUES ('402881b65ed1d6fc015ed1e5569e0001', null, '', null, null, '1', '402881b65ed1d6fc015ed1e5568b0000', '402881b65ed159a2015ed15ad2450002');
INSERT INTO `order_item` VALUES ('402881b65ed1d6fc015ed1e581c50003', null, '', null, null, '3', '402881b65ed1d6fc015ed1e581c30002', '402881b65ed159a2015ed15ad2450002');
INSERT INTO `order_item` VALUES ('402881b65ed1fa9c015ed1faed8f0001', null, '', null, null, '2', '402881b65ed1fa9c015ed1faed7e0000', '402881b65ed159a2015ed15ad2450002');
INSERT INTO `order_item` VALUES ('402881b65ed1fb69015ed1fbfa3a0001', null, '', null, null, '1', '402881b65ed1fb69015ed1fbfa280000', '402881b65ed159a2015ed15ad2450002');
INSERT INTO `order_item` VALUES ('402881b65ed1fb69015ed209abcd0003', null, '', null, null, '1', '402881b65ed1fb69015ed209abcc0002', '402881b65ed159a2015ed15ad2450002');
INSERT INTO `order_item` VALUES ('402881c45f09c663015f09c8e80b0001', null, '', null, null, '1', '402881c45f09c663015f09c8e7f80000', '402881b65ed159a2015ed15ad2450002');
INSERT INTO `order_item` VALUES ('402881c45f0aaba1015f0aac06d90002', null, '', null, null, '1', '402881c45f0aaba1015f0aac06d40001', '402881b65ed159a2015ed15ad2450002');
INSERT INTO `order_item` VALUES ('402881c45f0aac6c015f0aacbdc50001', null, '', null, null, '2', '402881c45f0aac6c015f0aacbdb10000', '402881b65ed159a2015ed15ad2450002');
INSERT INTO `order_item` VALUES ('402881c55f37a680015f37a6e23c0001', null, '', null, null, '1', '402881c55f37a680015f37a6e2280000', '402881b65ed159a2015ed15ad2450002');
INSERT INTO `order_item` VALUES ('402881c55f37a680015f386a5c8d0004', null, '', null, null, '1', '402881c55f37a680015f386a5c850003', '402881b65ed159a2015ed15ad2450002');

-- ----------------------------
-- Table structure for `product`
-- ----------------------------
DROP TABLE IF EXISTS `product`;
CREATE TABLE `product` (
  `id` varchar(36) NOT NULL,
  `created_date` bigint(20) DEFAULT NULL,
  `logically_deleted` bit(1) DEFAULT NULL,
  `sort_number` int(11) DEFAULT NULL,
  `updated_date` bigint(20) DEFAULT NULL,
  `code` varchar(50) DEFAULT NULL,
  `name` varchar(50) DEFAULT NULL,
  `points` int(11) DEFAULT NULL,
  `price` double DEFAULT NULL,
  `remark` varchar(200) DEFAULT NULL,
  `product_category_id` varchar(36) DEFAULT NULL,
  `description` varchar(255) DEFAULT NULL,
  `on_sale` bit(1) DEFAULT NULL,
  `recommend` bit(1) DEFAULT NULL,
  `cover_image_id` varchar(36) DEFAULT NULL,
  PRIMARY KEY (`id`),
  KEY `FKcwclrqu392y86y0pmyrsi649r` (`product_category_id`),
  KEY `FK6wiq3ykcyy7mde1tqmr9k5765` (`cover_image_id`),
  CONSTRAINT `FK6wiq3ykcyy7mde1tqmr9k5765` FOREIGN KEY (`cover_image_id`) REFERENCES `attachment` (`id`),
  CONSTRAINT `FKcwclrqu392y86y0pmyrsi649r` FOREIGN KEY (`product_category_id`) REFERENCES `product_category` (`id`)
) ENGINE=InnoDB DEFAULT CHARSET=utf8mb4;

-- ----------------------------
-- Records of product
-- ----------------------------
INSERT INTO `product` VALUES ('402881b65ed159a2015ed15ad2450002', null, '', null, '1506750943802', null, '亚特兰蒂斯门票', '100', '120', null, '402881b65ed159a2015ed15a82ea0001', null, null, null, null);

-- ----------------------------
-- Table structure for `product_category`
-- ----------------------------
DROP TABLE IF EXISTS `product_category`;
CREATE TABLE `product_category` (
  `id` varchar(36) NOT NULL,
  `created_date` bigint(20) DEFAULT NULL,
  `logically_deleted` bit(1) DEFAULT NULL,
  `sort_number` int(11) DEFAULT NULL,
  `updated_date` bigint(20) DEFAULT NULL,
  `name` varchar(50) DEFAULT NULL,
  `remark` varchar(200) DEFAULT NULL,
  `parent_id` varchar(36) DEFAULT NULL,
  PRIMARY KEY (`id`),
  KEY `FKlkvy3axep0ba8ccvrvfoyrfu4` (`parent_id`),
  CONSTRAINT `FKlkvy3axep0ba8ccvrvfoyrfu4` FOREIGN KEY (`parent_id`) REFERENCES `product_category` (`id`)
) ENGINE=InnoDB DEFAULT CHARSET=utf8mb4;

-- ----------------------------
-- Records of product_category
-- ----------------------------
INSERT INTO `product_category` VALUES ('402881b65ed159a2015ed15a51710000', '1506750910825', '', null, '1506750910825', '商城', null, null);
INSERT INTO `product_category` VALUES ('402881b65ed159a2015ed15a82ea0001', '1506750923498', '', null, '1506750923498', '旅游', null, null);

-- ----------------------------
-- Table structure for `product_styles`
-- ----------------------------
DROP TABLE IF EXISTS `product_styles`;
CREATE TABLE `product_styles` (
  `product_id` varchar(36) NOT NULL,
  `attachment_id` varchar(36) NOT NULL,
  KEY `FKai6wuue607ay5oedt4xqm19ol` (`attachment_id`),
  KEY `FKp9r0ges42ctt2q3r9vftfv0uu` (`product_id`),
  CONSTRAINT `FKai6wuue607ay5oedt4xqm19ol` FOREIGN KEY (`attachment_id`) REFERENCES `attachment` (`id`),
  CONSTRAINT `FKp9r0ges42ctt2q3r9vftfv0uu` FOREIGN KEY (`product_id`) REFERENCES `product` (`id`)
) ENGINE=InnoDB DEFAULT CHARSET=utf8mb4;

-- ----------------------------
-- Records of product_styles
-- ----------------------------

-- ----------------------------
-- Table structure for `red_packet`
-- ----------------------------
DROP TABLE IF EXISTS `red_packet`;
CREATE TABLE `red_packet` (
  `id` varchar(36) NOT NULL,
  `created_date` bigint(20) DEFAULT NULL,
  `logically_deleted` bit(1) DEFAULT NULL,
  `sort_number` int(11) DEFAULT NULL,
  `updated_date` bigint(20) DEFAULT NULL,
  `amount` double(11,2) DEFAULT NULL,
  `min_amount` double(11,2) DEFAULT NULL,
  `end_date` bigint(20) DEFAULT NULL,
  `start_date` bigint(20) DEFAULT NULL,
  `remark` varchar(500) DEFAULT NULL,
  PRIMARY KEY (`id`)
) ENGINE=InnoDB DEFAULT CHARSET=utf8mb4;

-- ----------------------------
-- Records of red_packet
-- ----------------------------
INSERT INTO `red_packet` VALUES ('1', '1508374858857', '', '0', '1508374858857', '50.00', '100.00', '1509062400000', '1506988800000', null);
INSERT INTO `red_packet` VALUES ('2', '1508375932601', '', '0', '1508375932601', '40.00', '100.00', '1509148800000', '1508457600000', null);

-- ----------------------------
-- Table structure for `role`
-- ----------------------------
DROP TABLE IF EXISTS `role`;
CREATE TABLE `role` (
  `id` varchar(36) NOT NULL,
  `created_date` bigint(20) DEFAULT NULL,
  `logically_deleted` bit(1) DEFAULT NULL,
  `sort_number` int(11) DEFAULT NULL,
  `updated_date` bigint(20) DEFAULT NULL,
  `name` varchar(50) DEFAULT NULL,
  PRIMARY KEY (`id`)
) ENGINE=InnoDB DEFAULT CHARSET=utf8mb4;

-- ----------------------------
-- Records of role
-- ----------------------------
INSERT INTO `role` VALUES ('402881c45effd975015effdcc87d0000', '1507531212918', '', '0', '1508485825798', '超级管理员');

-- ----------------------------
-- Table structure for `role_modules`
-- ----------------------------
DROP TABLE IF EXISTS `role_modules`;
CREATE TABLE `role_modules` (
  `role_id` varchar(36) NOT NULL,
  `module_id` varchar(36) NOT NULL,
  KEY `FKnxc3e53nguousgf65ti2ayxx3` (`module_id`),
  KEY `FKikj9g5f57f4fixgqbp3j9ddae` (`role_id`),
  CONSTRAINT `FKikj9g5f57f4fixgqbp3j9ddae` FOREIGN KEY (`role_id`) REFERENCES `role` (`id`),
  CONSTRAINT `FKnxc3e53nguousgf65ti2ayxx3` FOREIGN KEY (`module_id`) REFERENCES `module` (`id`)
) ENGINE=InnoDB DEFAULT CHARSET=utf8mb4;

-- ----------------------------
-- Records of role_modules
-- ----------------------------
INSERT INTO `role_modules` VALUES ('402881c45effd975015effdcc87d0000', '402881c55f38c257015f38c2e4d00000');
INSERT INTO `role_modules` VALUES ('402881c45effd975015effdcc87d0000', '402883835f2fa17a015f2faaa6400004');
INSERT INTO `role_modules` VALUES ('402881c45effd975015effdcc87d0000', '402881c45f323425015f3243612a0000');
INSERT INTO `role_modules` VALUES ('402881c45effd975015effdcc87d0000', '402883835f2fa17a015f2fa9ec4e0003');
INSERT INTO `role_modules` VALUES ('402881c45effd975015effdcc87d0000', '402883835f2fa17a015f2fa2cea90002');
INSERT INTO `role_modules` VALUES ('402881c45effd975015effdcc87d0000', '402883835f2fa17a015f2fa2a5df0001');
INSERT INTO `role_modules` VALUES ('402881c45effd975015effdcc87d0000', '402883835f2fa17a015f2fa27de00000');
INSERT INTO `role_modules` VALUES ('402881c45effd975015effdcc87d0000', '6c2f0a65-4a8c-11e7-82ff-58da3c9e6316');
INSERT INTO `role_modules` VALUES ('402881c45effd975015effdcc87d0000', '9e936709-4a8c-11e7-82ff-58da3c9e6316');
INSERT INTO `role_modules` VALUES ('402881c45effd975015effdcc87d0000', '402881c35eb1d777015eb25f901f0002');
INSERT INTO `role_modules` VALUES ('402881c45effd975015effdcc87d0000', '8fe09b87-296d-11e7-b497-21af0a259a98');
INSERT INTO `role_modules` VALUES ('402881c45effd975015effdcc87d0000', '24a90d78-2a21-11e7-b497-21af0a259a98');
INSERT INTO `role_modules` VALUES ('402881c45effd975015effdcc87d0000', 'a3909276-297c-11e7-b497-21af0a259a98');
INSERT INTO `role_modules` VALUES ('402881c45effd975015effdcc87d0000', 'c9f178a3-2a20-11e7-b497-21af0a259a98');
INSERT INTO `role_modules` VALUES ('402881c45effd975015effdcc87d0000', 'f959cd6f-2a1f-11e7-b497-21af0a259a98');
INSERT INTO `role_modules` VALUES ('402881c45effd975015effdcc87d0000', '724b1acc-2a20-11e7-b497-21af0a259a98');
INSERT INTO `role_modules` VALUES ('402881c45effd975015effdcc87d0000', '36f353ad-2a20-11e7-b497-21af0a259a98');
INSERT INTO `role_modules` VALUES ('402881c45effd975015effdcc87d0000', '8f772bb9-2a21-11e7-b497-21af0a259a98');
INSERT INTO `role_modules` VALUES ('402881c45effd975015effdcc87d0000', '301b3096-2970-11e7-b497-21af0a259a98');
INSERT INTO `role_modules` VALUES ('402881c45effd975015effdcc87d0000', 'a6fd0442-4a8c-11e7-82ff-58da3c9e6316');
INSERT INTO `role_modules` VALUES ('402881c45effd975015effdcc87d0000', '3ffd622d-2a1f-11e7-b497-21af0a259a98');
INSERT INTO `role_modules` VALUES ('402881c45effd975015effdcc87d0000', '4705b0bd-8278-11e7-9f6e-708bcdac0848');
INSERT INTO `role_modules` VALUES ('402881c45effd975015effdcc87d0000', '7f9e1d2d-4a8c-11e7-82ff-58da3c9e6316');
INSERT INTO `role_modules` VALUES ('402881c45effd975015effdcc87d0000', '402881c45f333384015f333436040000');
INSERT INTO `role_modules` VALUES ('402881c45effd975015effdcc87d0000', '24746c09-2960-11e7-b497-21af0a259a98');
INSERT INTO `role_modules` VALUES ('402881c45effd975015effdcc87d0000', '8901fc42-4a8c-11e7-82ff-58da3c9e6316');
INSERT INTO `role_modules` VALUES ('402881c45effd975015effdcc87d0000', '402881c45f04dd28015f050b64a50000');
INSERT INTO `role_modules` VALUES ('402881c45effd975015effdcc87d0000', '98b33553-827e-11e7-9f6e-708bcdac0848');
INSERT INTO `role_modules` VALUES ('402881c45effd975015effdcc87d0000', 'b8c06782-2a58-11e7-b497-21af0a259a98');
